id,categoria,nombre,estado,esperado,obtenido,detalle,duracion_ms
M-I_11_1,Mott dorado,Mott 7e — Ejemplo 11.1 — Clase I,OK,Dentro de tolerancia Mott 7e,hA=214.88 m; hL=204.88 m,,0.07097500019881409
M-IIA_11_2,Mott dorado,Mott 7e — Ejemplo 11.2 — Clase II-A,OK,Dentro de tolerancia Mott 7e,Q=0.056999691,,0.5970370000341063
M-IIB_11_3,Mott dorado,Mott 7e — Ejemplo 11.3 — Clase II-B,OK,Dentro de tolerancia Mott 7e,Q=0.053889346,,0.43408500005170936
M-IIC_11_4,Mott dorado,Mott 7e — Ejemplo 11.4 — Clase II-C,OK,Dentro de tolerancia Mott 7e,Q=0.02698645,,0.7280419999915466
M-IIIA_11_5,Mott dorado,Mott 7e — Ejemplo 11.5 — Clase III-A,OK,Dentro de tolerancia Mott 7e,Dmin=0.09418287; NPS 4,,0.21716300011576095
M-IIIB_11_6,Mott dorado,Mott 7e — Ejemplo 11.6 — Clase III-B,OK,Dentro de tolerancia Mott 7e,P2=100.49 psig,,0.011026000038327766
C-I-01,Clasificación,"Dado Q=0.010 m3/s, L=50 m y D=80 mm, determine P2.",OK,Clase I,Clase I (91 %),,22.56009699999595
C-I-02,Clasificación,Por una tubería circulan 18 L/s. Determine la carga de la bomba hA.,OK,Clase I,Clase I (91 %),,1.701158000059877
C-IIA-01,Clasificación,Determine el caudal Q entre dos depósitos abiertos unidos por una tubería de 100 m y 100 mm. Desprecie pérdidas menores.,OK,Clase II-A,Clase II-A (98 %),,1.4029039998604276
C-IIA-02,Clasificación,Calcule Q en una tubería recta de 250 ft NPS 4 Schedule 40. Desprecie las pérdidas menores.,OK,Clase II-A,Clase II-A (98 %),,1.5347999999448803
C-IIB-01,Clasificación,Determine el caudal Q en una tubería de 120 m y 100 mm con dos codos y una válvula; considere las pérdidas menores relativamente pequeñas como corrección.,OK,Clase II-B,Clase II-B (94 %),,4.727463000108401
C-IIB-02,Clasificación,"Halle el caudal Q si la línea tiene L=90 m, D=75 mm y K=3.2; trate las pérdidas menores como una pequeña corrección.",OK,Clase II-B,Clase II-B (94 %),,1.2282939999295195
C-IIC-01,Clasificación,Dos depósitos están conectados por dos tramos en serie de 100 mm y 75 mm con una contracción súbita y una válvula. Determine Q.,OK,Clase II-C,Clase II-C (82 %),,1.4628930000526452
C-IIC-02,Clasificación,"Determine el caudal entre dos depósitos a través de tres tuberías en serie de distintos diámetros, con codos, válvula y cambio de sección.",OK,Clase II-C,Clase II-C (82 %),,1.1308899997857225
C-IIIA-01,Clasificación,Para Q=0.010 m3/s determine el diámetro mínimo D de una tubería de 50 m si hL permitida es 3 m.,OK,Clase III-A,Clase III-A (95 %),,1.2622659999124153
C-IIIA-02,Clasificación,Determine el diámetro requerido de una tubería para transportar 850 gpm con una pérdida de carga máxima especificada.,OK,Clase III-A,Clase III-A (95 %),,1.1785909998707211
C-IIIB-01,Clasificación,Se seleccionó una tubería comercial de D=80 mm para Q=0.010 m3/s. Verifique la presión P2 disponible.,OK,Clase III-B,Clase III-B (96 %),,1.1420969999562658
C-IIIB-02,Clasificación,Verifique si la tubería comercial NPS 4 Schedule 40 con caudal conocido cumple la presión mínima de 100 psig en la salida.,OK,Clase III-B,Clase III-B (96 %),,1.1919410001155484
C-MOTT112,Clasificación,Aceite lubricante en tubería horizontal DN 150 cédula 40 con caída de presión máxima de 60 kPa por cada 100 m. Determine la rapidez del flujo volumétrico máximo permisible.,OK,Clase II-A,Clase II-A (90 %),,1.5729070000816137
C-MOTT113,Clasificación,"Aceite lubricante en línea horizontal DN 150 Schedule 40 de 30 m + 40 m + 30 m, dos codos estándar y válvula mariposa totalmente abierta. Determine la rapidez del flujo volumétrico máxima permisible.",OK,Clase II-B,Clase II-B (88 %),,2.297933999898305
C-SPRINKLER,Clasificación,Determine el tamaño más pequeño permisible de tubería estándar Calibre 40 para alimentar 0.50 pies^3/s de agua a 60 °F con presión mínima requerida en B.,OK,Clase III-A,Clase III-A (93 %),,1.9392009999137372
P-01,Parser/unidades,Q=850 gpm,OK,850 gpm→m³/s,"{""version"": ""V14.12"", ""revision"": ""V14.12.4"", ""escalares"": {""Q_m3s"": 0.053626666940000005, ""deltaP_kpa"": null, ""P1_kpa"": null, ""P2_kpa"": null, ""z1_m"": null, ""z2_m"": null, ""hA_m"": null, ""hR_m"": null, ""temperatura_c"": null}, ""propiedades_fluido"": {""sg"": null, ""r",,0.10886099994422693
P-02,Parser/unidades,Q=1.5 ft3/s,OK,1.5 ft³/s→m³/s,"{""version"": ""V14.12"", ""revision"": ""V14.12.4"", ""escalares"": {""Q_m3s"": 0.042475269888, ""deltaP_kpa"": null, ""P1_kpa"": null, ""P2_kpa"": null, ""z1_m"": null, ""z2_m"": null, ""hA_m"": null, ""hR_m"": null, ""temperatura_c"": null}, ""propiedades_fluido"": {""sg"": null, ""rho_kg_",,0.07909699979791185
P-03,Parser/unidades,P1=35 psig,OK,35 psig→kPa,"{""version"": ""V14.12"", ""revision"": ""V14.12.4"", ""escalares"": {""Q_m3s"": null, ""deltaP_kpa"": null, ""P1_kpa"": 241.31650525499998, ""P2_kpa"": null, ""z1_m"": null, ""z2_m"": null, ""hA_m"": null, ""hR_m"": null, ""temperatura_c"": null}, ""propiedades_fluido"": {""sg"": null, ""rho",,0.0750209999296203
P-04,Parser/unidades,z1=120 ft,OK,120 ft→36.576 m,"{""version"": ""V14.12"", ""revision"": ""V14.12.4"", ""escalares"": {""Q_m3s"": null, ""deltaP_kpa"": null, ""P1_kpa"": null, ""P2_kpa"": null, ""z1_m"": 36.576, ""z2_m"": null, ""hA_m"": null, ""hR_m"": null, ""temperatura_c"": null}, ""propiedades_fluido"": {""sg"": null, ""rho_kg_m3"": nul",,0.06940299999769195
P-05,Parser/unidades,"Tramo 1: tubería NPS 4 Schedule 40, L=100 m",OK,NPS4 Sch40→ID 102.3 mm,"{""version"": ""V14.12"", ""revision"": ""V14.12.4"", ""escalares"": {""Q_m3s"": null, ""deltaP_kpa"": null, ""P1_kpa"": null, ""P2_kpa"": null, ""z1_m"": null, ""z2_m"": null, ""hA_m"": null, ""hR_m"": null, ""temperatura_c"": null}, ""propiedades_fluido"": {""sg"": null, ""rho_kg_m3"": null,",,0.17574100002093473
P-06,Parser/unidades,"Tramo 1: DN100 cédula 80, L=100 m",OK,DN100 Sch80→ID 97.2 mm,"{""version"": ""V14.12"", ""revision"": ""V14.12.4"", ""escalares"": {""Q_m3s"": null, ""deltaP_kpa"": null, ""P1_kpa"": null, ""P2_kpa"": null, ""z1_m"": null, ""z2_m"": null, ""hA_m"": null, ""hR_m"": null, ""temperatura_c"": null}, ""propiedades_fluido"": {""sg"": null, ""rho_kg_m3"": null,",,0.13894700009586813
P-07,Parser/unidades,Agua a 68 °F,OK,68°F→20°C,"{""version"": ""V14.12"", ""revision"": ""V14.12.4"", ""escalares"": {""Q_m3s"": null, ""deltaP_kpa"": null, ""P1_kpa"": null, ""P2_kpa"": null, ""z1_m"": null, ""z2_m"": null, ""hA_m"": null, ""hR_m"": null, ""temperatura_c"": 20.0}, ""propiedades_fluido"": {""sg"": null, ""rho_kg_m3"": null,",,0.07655399986106204
P-08,Parser/unidades,nu = 1.30 cSt y rho = 998 kg/m3,OK,1.30 cSt→1.30e-6 m²/s,"{""version"": ""V14.12"", ""revision"": ""V14.12.4"", ""escalares"": {""Q_m3s"": null, ""deltaP_kpa"": null, ""P1_kpa"": null, ""P2_kpa"": null, ""z1_m"": null, ""z2_m"": null, ""hA_m"": null, ""hR_m"": null, ""temperatura_c"": null}, ""propiedades_fluido"": {""sg"": null, ""rho_kg_m3"": 998.0",,0.16274200015686802
P-09,Parser/unidades,gravedad específica de 0.88 y viscosidad dinámica de 9.5 x 10^-3 Pa.s,OK,SG+μ→ρ=880 y ν=μ/ρ,"{""version"": ""V14.12"", ""revision"": ""V14.12.4"", ""escalares"": {""Q_m3s"": null, ""deltaP_kpa"": null, ""P1_kpa"": null, ""P2_kpa"": null, ""z1_m"": null, ""z2_m"": null, ""hA_m"": null, ""hR_m"": null, ""temperatura_c"": null}, ""propiedades_fluido"": {""sg"": 0.88, ""rho_kg_m3"": 880.0",,0.22579500000574626
P-10,Parser/unidades,presión en el punto B debe ser de al menos 60 lb/pulg^2 relativas,OK,60 lb/pulg²→413.685 kPa,"{""version"": ""V14.12"", ""revision"": ""V14.12.4"", ""escalares"": {""Q_m3s"": null, ""deltaP_kpa"": null, ""P1_kpa"": null, ""P2_kpa"": 413.68543758, ""z1_m"": null, ""z2_m"": null, ""hA_m"": null, ""hR_m"": null, ""temperatura_c"": null}, ""propiedades_fluido"": {""sg"": null, ""rho_kg_m3",,0.24434300007669663
P-11,Parser/unidades,Q = 0.50 pies^3/s,OK,0.50 pies³/s→m³/s,"{""version"": ""V14.12"", ""revision"": ""V14.12.4"", ""escalares"": {""Q_m3s"": 0.014158423296, ""deltaP_kpa"": null, ""P1_kpa"": null, ""P2_kpa"": null, ""z1_m"": null, ""z2_m"": null, ""hA_m"": null, ""hR_m"": null, ""temperatura_c"": null}, ""propiedades_fluido"": {""sg"": null, ""rho_kg_",,0.08866100006343913
P-12,Parser/unidades,La tubería tiene 600 pies de longitud y el punto B está 25 pies por encima de A.,OK,L=600 ft y Δz=25 ft,"{""version"": ""V14.12"", ""revision"": ""V14.12.4"", ""escalares"": {""Q_m3s"": null, ""deltaP_kpa"": null, ""P1_kpa"": null, ""P2_kpa"": null, ""z1_m"": 0.0, ""z2_m"": 7.62, ""hA_m"": null, ""hR_m"": null, ""temperatura_c"": null}, ""propiedades_fluido"": {""sg"": null, ""rho_kg_m3"": null, ",,0.22004700008437794
P-13,Parser/unidades,Aceite lubricante con gravedad específica de 0.88 y viscosidad dinámica de 9.5 x 10° Pa.s,OK,OCR conserva ρ=880 y marca μ con exponente ambiguo sin inventarlo,"{""version"": ""V14.12"", ""revision"": ""V14.12.4"", ""escalares"": {""Q_m3s"": null, ""deltaP_kpa"": null, ""P1_kpa"": null, ""P2_kpa"": null, ""z1_m"": null, ""z2_m"": null, ""hA_m"": null, ""hR_m"": null, ""temperatura_c"": null}, ""propiedades_fluido"": {""sg"": 0.88, ""rho_kg_m3"": 880.0",,0.3334860000450135
A-01,Accesorios/transiciones,En el tramo 2 hay dos codos de 90 grados de radio largo.,OK,Codo 90° radio largo,"{""version"": ""V14.13"", ""accesorios"": [{""nombre"": ""Codo 90° radio largo"", ""cantidad"": 2, ""tramo"": 2, ""original"": ""codos de 90 grados de radio largo"", ""confianza"": 97.0, ""estado"": ""Alta"", ""modelo_k"": ""Le/D × fT"", ""metodo_k"": ""K = fT(Le/D)"", ""fuente_k"": ""Mott 7e — Tabla 10.4"", ""le_d"": 20.0}], ""transicio",,0.4046920000746468
A-02,Accesorios/transiciones,El tramo 1 contiene una válvula de compuerta abierta al 50 %.,OK,Válvula de compuerta — 1/2 abierta,"{""version"": ""V14.13"", ""accesorios"": [{""nombre"": ""Válvula de compuerta — 1/2 abierta"", ""cantidad"": 1, ""tramo"": 1, ""original"": ""valvula de compuerta abierta al 50 %"", ""confianza"": 97.0, ""estado"": ""Alta"", ""modelo_k"": ""Le/D × fT"", ""metodo_k"": ""K = fT(Le/D)"", ""fuente_k"": ""Mott 7e — Tabla 10.4"", ""le_d"": 1",,0.06989400003476476
A-03,Accesorios/transiciones,Hay una válvula de compuerta 75 % abierta en el tramo 1.,OK,Válvula de compuerta — 3/4 abierta,"{""version"": ""V14.13"", ""accesorios"": [{""nombre"": ""Válvula de compuerta — 3/4 abierta"", ""cantidad"": 1, ""tramo"": 1, ""original"": ""valvula de compuerta 75 % abierta en el "", ""confianza"": 97.0, ""estado"": ""Alta"", ""modelo_k"": ""Le/D × fT"", ""metodo_k"": ""K = fT(Le/D)"", ""fuente_k"": ""Mott 7e — Tabla 10.4"", ""le_d",,0.0541699998848344
A-04,Accesorios/transiciones,Existe una válvula mariposa completamente abierta en el tramo 2.,OK,Válvula mariposa — totalmente abierta,"{""version"": ""V14.13"", ""accesorios"": [{""nombre"": ""Válvula mariposa — totalmente abierta"", ""cantidad"": 1, ""tramo"": null, ""original"": ""valvula mariposa completamente abierta"", ""confianza"": 92.0, ""estado"": ""Confirmar tramo"", ""modelo_k"": ""Le/D × fT por rango de DN"", ""metodo_k"": ""K = fT(Le/D), mariposa se",,0.07129499999791733
A-05,Accesorios/transiciones,Existe una válvula mariposa en el tramo 1.,OK,PENDIENTE_MARIPOSA,"{""version"": ""V14.13"", ""accesorios"": [{""nombre"": ""Válvula mariposa (apertura por definir)"", ""cantidad"": 1, ""tramo"": 1, ""original"": ""valvula mariposa"", ""confianza"": 70.0, ""estado"": ""Confirmar"", ""modelo_k"": ""pendiente"", ""metodo_k"": ""No se asigna K sin conocer apertura/condición"", ""requiere_confirmacion",,0.12760900017383392
A-06,Accesorios/transiciones,En el tramo 2 existe una tee con flujo por el ramal.,OK,Tee estándar — flujo por ramal,"{""version"": ""V14.13"", ""accesorios"": [{""nombre"": ""Tee estándar — flujo por ramal"", ""cantidad"": 1, ""tramo"": null, ""original"": ""tee con flujo por el ramal"", ""confianza"": 92.0, ""estado"": ""Confirmar tramo"", ""modelo_k"": ""Le/D × fT"", ""metodo_k"": ""K = fT(Le/D)"", ""fuente_k"": ""Mott 7e — Tabla 10.4"", ""le_d"": 6",,0.22063799997340539
T-01,Accesorios/transiciones,Tramo 1 D=100 mm. Tramo 2 D=75 mm. Entre ambos hay una reducción súbita.,OK,Contracción súbita,"{""version"": ""V14.13"", ""accesorios"": [], ""transiciones"": [{""entre"": 1, ""tipo"": ""Contracción súbita"", ""angulo_grados"": null, ""D1_m"": 0.1, ""D2_m"": 0.075, ""direccion"": ""contracción"", ""estado"": ""Alta"", ""confianza"": 96.0, ""requiere_confirmacion"": false, ""detalle_v1413"": ""explícita súbita/brusca"", ""fuente_",,0.06740000003446767
T-02,Accesorios/transiciones,Tramo 1 D=75 mm. Tramo 2 D=100 mm. La unión es una expansión cónica gradual de 20 grados.,OK,Ensanchamiento gradual,"{""version"": ""V14.13"", ""accesorios"": [], ""transiciones"": [{""entre"": 1, ""tipo"": ""Ensanchamiento gradual"", ""angulo_grados"": null, ""D1_m"": 0.075, ""D2_m"": 0.1, ""direccion"": ""expansión"", ""estado"": ""Confirmar ángulo"", ""confianza"": 85.0, ""requiere_confirmacion"": true, ""detalle_v1413"": ""explícita gradual/cón",,0.36207799985277234
F-I,Flujo end-to-end,Determine P2,OK,P2,"auditoría=OK; solver={""incognita"": ""P2"", ""incognita_etiqueta"": ""Presión P2"", ""valor"": 73668.01576455848, ""unidad"": ""Pa"", ""residual"": 1.3322676295501878e-15, ""Q_m3s"": 0.01, ""sistema"": {""resultados"": [{""",,3.7921340001503268
F-IIA,Flujo end-to-end,Determine Q,OK,Q>0,"auditoría=OK; solver={""metodo"": ""II-A"", ""Q"": 0.0324469415838975, ""Q_final"": 0.0324469415838975, ""Q_IIA"": 0.0324469415838975, ""sistema"": {""resultados"": [{""Tramo"": 1, ""L (m)"": 100.0, ""D (m)"": 0.1, ""epsil",,2.837725000063074
F-IIB,Flujo end-to-end,Determine Q con pérdidas menores,OK,Q>0,"auditoría=OK; solver={""Q"": 0.03145602412927654, ""Q_final"": 0.03145602412927654, ""residual"": -3.4086067302041556e-12, ""sistema"": {""resultados"": [{""Tramo"": 1, ""L (m)"": 100.0, ""D (m)"": 0.1, ""epsilon (m)"":",,3.100336999978026
F-IIC,Flujo end-to-end,Determine Q en dos tramos,OK,Q≈0.0246035,"auditoría=OK; solver={""Q"": 0.02460353352598888, ""Q_final"": 0.02460353352598888, ""residual"": -2.8551383479680226e-11, ""sistema"": {""resultados"": [{""Tramo"": 1, ""L (m)"": 68.5, ""D (m)"": 0.1, ""epsilon (m)"": ",,9.324572000195985
F-IIIA,Flujo end-to-end,Determine D mínimo,OK,D>0,"auditoría=REVISAR; solver={""D"": 0.05402373622445151, ""A"": 0.0022922348647725858, ""V"": 4.362554707495956, ""Re"": 231060.2988063733, ""regimen"": ""Turbulento"", ""eps_rel"": 0.0008514775766134459, ""f"": 0.0202502733",,2.131826999857367
F-IIIB,Flujo end-to-end,Verifique D y P2,OK,auditoría OK,"auditoría=OK; solver={""D"": 0.08, ""A"": 0.005026548245743669, ""V"": 1.989436788648692, ""Re"": 156034.25793323072, ""regimen"": ""Turbulento"", ""eps_rel"": 0.000575, ""f"": 0.019634336290185236, ""hf"": 2.4754692091",,1.2446589998944546
G-01,Guardrail,NPS sin Schedule no inventa diámetro,OK,D_m=None,D_m=None,,0.20228000016686565
G-02,Guardrail,Atmósfera + P2 no nula genera conflicto,OK,Conflicto bloqueante,"{""clase"": ""Clase II-C"", ""confianza"": 90, ""prefill"": {""fluido_app"": ""Agua a 20 °C"", ""P1_kpa"": 0.0, ""P2_kpa"": 50.0, ""z1_m"": 10.0, ""z2_m"": 0.0, ""hA_m"": 0.0, ""hR_m"": 0.0, ""tramos"": [{""numero"": 1, ""L_m"": 50.0, ""D_m"": 0.08, ""material"": ""Acero comercial o soldado"", """,,0.28034599995407916
